{"stats":{"minecraft:custom":{"minecraft:interact_with_furnace":56,"minecraft:mob_kills":38,"minecraft:animals_bred":3,"minecraft:interact_with_crafting_table":60,"minecraft:play_one_minute":127609,"minecraft:leave_game":2,"minecraft:time_since_death":127609,"minecraft:time_since_rest":127609,"minecraft:sprint_one_cm":130491,"minecraft:damage_taken":600,"minecraft:walk_one_cm":453013,"minecraft:damage_blocked_by_shield":350,"minecraft:damage_dealt":7473,"minecraft:talked_to_villager":2,"minecraft:swim_one_cm":1968,"minecraft:fly_one_cm":83712,"minecraft:open_chest":71,"minecraft:crouch_one_cm":12679,"minecraft:sneak_time":6314,"minecraft:walk_under_water_one_cm":35275,"minecraft:jump":985,"minecraft:interact_with_blast_furnace":26,"minecraft:walk_on_water_one_cm":38242,"minecraft:fall_one_cm":14168},"minecraft:used":{"minecraft:oak_fence":72,"minecraft:water_bucket":7,"minecraft:diorite":16,"minecraft:stone_shovel":192,"minecraft:stone_pickaxe":259,"minecraft:oak_planks":219,"minecraft:chest":14,"minecraft:wooden_pickaxe":59,"minecraft:iron_sword":106,"minecraft:rotten_flesh":30,"minecraft:oak_door":1,"minecraft:salmon":2,"minecraft:torch":67,"minecraft:sand":4,"minecraft:dirt":82,"minecraft:crafting_table":6,"minecraft:blast_furnace":8,"minecraft:granite":1,"minecraft:oak_fence_gate":3,"minecraft:wooden_axe":62,"minecraft:apple":5,"minecraft:oak_stairs":2,"minecraft:iron_pickaxe":224,"minecraft:stone_axe":127,"minecraft:wooden_sword":60,"minecraft:cobblestone":45,"minecraft:oak_sapling":30,"minecraft:furnace":4,"minecraft:bucket":8,"minecraft:egg":7},"minecraft:mined":{"minecraft:diamond_ore":8,"minecraft:oak_fence":17,"minecraft:crafting_table":4,"minecraft:torch":3,"minecraft:granite":3,"minecraft:blast_furnace":1,"minecraft:grass_block":181,"minecraft:chest":3,"minecraft:cobblestone":2,"minecraft:lapis_ore":4,"minecraft:oak_planks":16,"minecraft:kelp":2,"minecraft:diorite":12,"minecraft:wall_torch":7,"minecraft:redstone_ore":10,"minecraft:furnace":3,"minecraft:iron_ore":112,"minecraft:andesite":10,"minecraft:grass":164,"minecraft:oak_log":139,"minecraft:coal_ore":181,"minecraft:sand":4,"minecraft:dirt":20,"minecraft:stone":174,"minecraft:gold_ore":18,"minecraft:oak_leaves":129},"minecraft:broken":{"minecraft:stone_pickaxe":2,"minecraft:wooden_sword":1,"minecraft:wooden_axe":1,"minecraft:stone_shovel":1,"minecraft:wooden_pickaxe":1},"minecraft:killed":{"minecraft:spider":2,"minecraft:creeper":2,"minecraft:skeleton":7,"minecraft:trader_llama":2,"minecraft:zombie":20,"minecraft:drowned":5},"minecraft:crafted":{"minecraft:coal_block":16,"minecraft:wooden_sword":1,"minecraft:oak_door":3,"minecraft:smooth_stone":21,"minecraft:oak_planks":496,"minecraft:coal":9,"minecraft:stone_shovel":2,"minecraft:crafting_table":2,"minecraft:iron_helmet":1,"minecraft:iron_sword":1,"minecraft:furnace":8,"minecraft:blast_furnace":7,"minecraft:stone":21,"minecraft:gold_block":1,"minecraft:bucket":1,"minecraft:bone_meal":6,"minecraft:stone_axe":1,"minecraft:air":0,"minecraft:oak_fence_gate":3,"minecraft:iron_chestplate":1,"minecraft:iron_boots":1,"minecraft:diamond_pickaxe":1,"minecraft:shield":1,"minecraft:stick":104,"minecraft:iron_ingot":112,"minecraft:iron_pickaxe":2,"minecraft:stone_pickaxe":2,"minecraft:oak_stairs":4,"minecraft:chest":11,"minecraft:gold_ingot":16,"minecraft:iron_leggings":1,"minecraft:torch":96,"minecraft:stone_hoe":1,"minecraft:oak_fence":57},"minecraft:picked_up":{"minecraft:crafting_table":4,"minecraft:andesite":11,"minecraft:leather":1,"minecraft:lead":3,"minecraft:flint":1,"minecraft:oak_log":139,"minecraft:gunpowder":3,"minecraft:lapis_lazuli":26,"minecraft:string":1,"minecraft:dirt":201,"minecraft:bone":7,"minecraft:apple":2,"minecraft:kelp":1,"minecraft:bow":1,"minecraft:wheat_seeds":29,"minecraft:iron_ore":112,"minecraft:chest":3,"minecraft:oak_planks":16,"minecraft:egg":7,"minecraft:furnace":3,"minecraft:stick":11,"minecraft:oak_fence":17,"minecraft:torch":11,"minecraft:gravel":5,"minecraft:sand":4,"minecraft:blast_furnace":1,"minecraft:diorite":16,"minecraft:gold_ore":18,"minecraft:redstone":44,"minecraft:spider_eye":1,"minecraft:arrow":8,"minecraft:rotten_flesh":31,"minecraft:diamond":7,"minecraft:granite":3,"minecraft:oak_sapling":36,"minecraft:coal":181,"minecraft:cobblestone":180}},"DataVersion":2230}